3bmd, ghcr.io/ocicl/3bmd@sha256:ad81b1821771b9e354cdc9a1514186f2f3316341614ffaccb4974b85ad521370, 3bmd-20240515-0a54e65/3bmd.asd
3bmd-ext-code-blocks, ghcr.io/ocicl/3bmd@sha256:ad81b1821771b9e354cdc9a1514186f2f3316341614ffaccb4974b85ad521370, 3bmd-20240515-0a54e65/3bmd-ext-code-blocks.asd
3bmd-ext-definition-lists, ghcr.io/ocicl/3bmd@sha256:ad81b1821771b9e354cdc9a1514186f2f3316341614ffaccb4974b85ad521370, 3bmd-20240515-0a54e65/3bmd-ext-definition-lists.asd
3bmd-ext-math, ghcr.io/ocicl/3bmd@sha256:ad81b1821771b9e354cdc9a1514186f2f3316341614ffaccb4974b85ad521370, 3bmd-20240515-0a54e65/3bmd-ext-math.asd
3bmd-ext-tables, ghcr.io/ocicl/3bmd@sha256:ad81b1821771b9e354cdc9a1514186f2f3316341614ffaccb4974b85ad521370, 3bmd-20240515-0a54e65/3bmd-ext-tables.asd
3bmd-ext-wiki-links, ghcr.io/ocicl/3bmd@sha256:ad81b1821771b9e354cdc9a1514186f2f3316341614ffaccb4974b85ad521370, 3bmd-20240515-0a54e65/3bmd-ext-wiki-links.asd
3bmd-tests, ghcr.io/ocicl/3bmd@sha256:ad81b1821771b9e354cdc9a1514186f2f3316341614ffaccb4974b85ad521370, 3bmd-20240515-0a54e65/3bmd-tests.asd
3bmd-youtube, ghcr.io/ocicl/3bmd@sha256:ad81b1821771b9e354cdc9a1514186f2f3316341614ffaccb4974b85ad521370, 3bmd-20240515-0a54e65/3bmd-youtube.asd
3bmd-youtube-tests, ghcr.io/ocicl/3bmd@sha256:ad81b1821771b9e354cdc9a1514186f2f3316341614ffaccb4974b85ad521370, 3bmd-20240515-0a54e65/3bmd-youtube-tests.asd
alexandria, ghcr.io/ocicl/iterate@sha256:398e3747b164f42e1a19fccf974bdf9c2a7938660f9bead1bb052124d58b5476, iterate-20240503-26cf129/ext/alexandria/alexandria.asd
alexandria-tests, ghcr.io/ocicl/iterate@sha256:398e3747b164f42e1a19fccf974bdf9c2a7938660f9bead1bb052124d58b5476, iterate-20240503-26cf129/ext/alexandria/alexandria-tests.asd
anaphora, ghcr.io/ocicl/anaphora@sha256:55f1c61b7826c5451a60b4b4522e35e770504bbfa2036d8becbf21f6d654925a, anaphora-20240503-bcf0f74/anaphora.asd
asdf, ghcr.io/ocicl/asdf@sha256:c31bc0ad720d484b6e4eb1a94bfea1a1fcaa431e0104349811ee721d2e0709ed, asdf-3.3.7/asdf.asd
asdf-driver, ghcr.io/ocicl/asdf@sha256:c31bc0ad720d484b6e4eb1a94bfea1a1fcaa431e0104349811ee721d2e0709ed, asdf-3.3.7/uiop/asdf-driver.asd
asdf-tools, ghcr.io/ocicl/asdf@sha256:c31bc0ad720d484b6e4eb1a94bfea1a1fcaa431e0104349811ee721d2e0709ed, asdf-3.3.7/tools/asdf-tools.asd
async-process, ghcr.io/ocicl/async-process@sha256:4bb76633cbe8dc7de8a39a5d9ff3d538d60dffe2663119dc0c54a70896fadc97, async-process-20240921-7db34da/src/async-process.asd
babel, ghcr.io/ocicl/babel@sha256:b505136744213e6b953913780a4b647da40e83818a10f41004846863b5037810, babel-20240606-23c1440/babel.asd
babel-streams, ghcr.io/ocicl/babel@sha256:b505136744213e6b953913780a4b647da40e83818a10f41004846863b5037810, babel-20240606-23c1440/babel-streams.asd
babel-tests, ghcr.io/ocicl/babel@sha256:b505136744213e6b953913780a4b647da40e83818a10f41004846863b5037810, babel-20240606-23c1440/babel-tests.asd
bordeaux-threads, ghcr.io/ocicl/bordeaux-threads@sha256:bbb32afe3987e102149cc019f4f7366a05f7a37d1503f5f86a27745e671c320a, bordeaux-threads-0.9.4/bordeaux-threads.asd
bt-semaphore, ghcr.io/ocicl/bt-semaphore@sha256:60e212f93b44b30dbb36f8d66a42b2b380d9ab0e7e226b74a258197f7f5d0eec, bt-semaphore-20240503-46b4bf3/bt-semaphore.asd
bt-semaphore-test, ghcr.io/ocicl/bt-semaphore@sha256:60e212f93b44b30dbb36f8d66a42b2b380d9ab0e7e226b74a258197f7f5d0eec, bt-semaphore-20240503-46b4bf3/bt-semaphore-test.asd
cffi, ghcr.io/ocicl/cffi@sha256:fe1246d11c4c067daefdb143e1252e0f3e99046909185d2c920adb8323318742, cffi-20240811-32c90d4/cffi.asd
cffi-examples, ghcr.io/ocicl/cffi@sha256:fe1246d11c4c067daefdb143e1252e0f3e99046909185d2c920adb8323318742, cffi-20240811-32c90d4/cffi-examples.asd
cffi-grovel, ghcr.io/ocicl/cffi@sha256:fe1246d11c4c067daefdb143e1252e0f3e99046909185d2c920adb8323318742, cffi-20240811-32c90d4/cffi-grovel.asd
cffi-libffi, ghcr.io/ocicl/cffi@sha256:fe1246d11c4c067daefdb143e1252e0f3e99046909185d2c920adb8323318742, cffi-20240811-32c90d4/cffi-libffi.asd
cffi-tests, ghcr.io/ocicl/cffi@sha256:fe1246d11c4c067daefdb143e1252e0f3e99046909185d2c920adb8323318742, cffi-20240811-32c90d4/cffi-tests.asd
cffi-toolchain, ghcr.io/ocicl/cffi@sha256:fe1246d11c4c067daefdb143e1252e0f3e99046909185d2c920adb8323318742, cffi-20240811-32c90d4/cffi-toolchain.asd
cffi-uffi-compat, ghcr.io/ocicl/cffi@sha256:fe1246d11c4c067daefdb143e1252e0f3e99046909185d2c920adb8323318742, cffi-20240811-32c90d4/cffi-uffi-compat.asd
chanl, ghcr.io/ocicl/chanl@sha256:39cca400a01acc6d8e5378932dca7bad1a37575af39a91452073e60b35ece846, chanl-20240822-44a448d/chanl.asd
chipz, ghcr.io/ocicl/chipz@sha256:fae0fae0c93199ba57c92d9102245a55c8a2c12af4442e0b141d5670bef4f2f0, chipz-20240503-6f80368/chipz.asd
chunga, ghcr.io/ocicl/chunga@sha256:a59ccb3d13992748c676b8e3263256850ee626f98ac59adece5a142967b6f558, chunga-20240919-5cd13fe/chunga.asd
cl-autowrap, ghcr.io/ocicl/cl-autowrap@sha256:d06030b141e58af6a1ebbeed29831195247a6f34c3c81e1dba6d190156a25160, cl-autowrap-20240503-4bba9e3/cl-autowrap.asd
cl-autowrap-test, ghcr.io/ocicl/cl-autowrap@sha256:d06030b141e58af6a1ebbeed29831195247a6f34c3c81e1dba6d190156a25160, cl-autowrap-20240503-4bba9e3/cl-autowrap-test.asd
cl-base64, ghcr.io/ocicl/cl-base64@sha256:702412dbc1ed825e275fb23e22c29527eb786bf644e47c7621bf0dbb34e17c7e, cl-base64-20240503-80496b7/cl-base64.asd
cl-base64-tests, ghcr.io/ocicl/cl-base64@sha256:702412dbc1ed825e275fb23e22c29527eb786bf644e47c7621bf0dbb34e17c7e, cl-base64-20240503-80496b7/cl-base64-tests.asd
cl-change-case, ghcr.io/ocicl/cl-change-case@sha256:63b6a033f762d6dc5d365ce49f2a2c691677f2ec1375ebe4226d13b19a29dc7c, cl-change-case-0.2.1/cl-change-case.asd
cl-charms, ghcr.io/ocicl/cl-charms@sha256:7cf5271c5b8877561112f79c28540f293e3a5ce9808bad0a8d38ec69aa41fe63, cl-charms-20240503-2dd2934/cl-charms.asd
cl-charms-marquee, ghcr.io/ocicl/cl-charms@sha256:7cf5271c5b8877561112f79c28540f293e3a5ce9808bad0a8d38ec69aa41fe63, cl-charms-20240503-2dd2934/cl-charms-marquee.asd
cl-charms-paint, ghcr.io/ocicl/cl-charms@sha256:7cf5271c5b8877561112f79c28540f293e3a5ce9808bad0a8d38ec69aa41fe63, cl-charms-20240503-2dd2934/cl-charms-paint.asd
cl-charms-timer, ghcr.io/ocicl/cl-charms@sha256:7cf5271c5b8877561112f79c28540f293e3a5ce9808bad0a8d38ec69aa41fe63, cl-charms-20240503-2dd2934/cl-charms-timer.asd
cl-cookie, ghcr.io/ocicl/cl-cookie@sha256:85cd8aa7f1379d041fae9530609cd68d5214fb978bc87faa7fd9ad5ad7e08a83, cl-cookie-20240703-6bcb74a/cl-cookie.asd
cl-cookie-test, ghcr.io/ocicl/cl-cookie@sha256:85cd8aa7f1379d041fae9530609cd68d5214fb978bc87faa7fd9ad5ad7e08a83, cl-cookie-20240703-6bcb74a/cl-cookie-test.asd
cl-fad, ghcr.io/ocicl/cl-fad@sha256:c0aaffc859e419e0a94cedb08f48c2484da404363fb0fe4ffd6e09a80aadafe1, cl-fad-0.7.6/cl-fad.asd
cl-glu, ghcr.io/ocicl/cl-glut@sha256:02d9721d3cbf5e38147917c9019637452b06bb4a47f4535de5c129e1b4bbdd9b, cl-opengl-20240816-2ca2a24/cl-glu.asd
cl-glut, ghcr.io/ocicl/cl-glut@sha256:02d9721d3cbf5e38147917c9019637452b06bb4a47f4535de5c129e1b4bbdd9b, cl-opengl-20240816-2ca2a24/cl-glut.asd
cl-glut-examples, ghcr.io/ocicl/cl-glut@sha256:02d9721d3cbf5e38147917c9019637452b06bb4a47f4535de5c129e1b4bbdd9b, cl-opengl-20240816-2ca2a24/cl-glut-examples.asd
cl-json, ghcr.io/ocicl/cl-json@sha256:54c4d00901c2c5b0ea9da11eed8f0104fc5819e1ed9a29d1f3364503a720a868, cl-json-20240907-994dd38/cl-json.asd
cl-opengl, ghcr.io/ocicl/cl-glut@sha256:02d9721d3cbf5e38147917c9019637452b06bb4a47f4535de5c129e1b4bbdd9b, cl-opengl-20240816-2ca2a24/cl-opengl.asd
cl-package-locks, ghcr.io/ocicl/cl-package-locks@sha256:3cc3430aa866786164cd64110795ba329d72cd98f6606a72a83b04c1dc295a0d, cl-package-locks-20240503-96a358e/cl-package-locks.asd
cl-plus-c, ghcr.io/ocicl/cl-autowrap@sha256:d06030b141e58af6a1ebbeed29831195247a6f34c3c81e1dba6d190156a25160, cl-autowrap-20240503-4bba9e3/cl-plus-c.asd
cl-postgres_plus_local-time, ghcr.io/ocicl/local-time@sha256:f6b11fc15cf92adb87a847d3af918ada947c2648660e74133db9183e7da0db70, local-time-20240817-5a09552/cl-postgres+local-time.asd
cl-ppcre, ghcr.io/ocicl/cl-ppcre@sha256:584907e0683621973579f397115945ef73e9d5b7afa77fae7cacecb3ad272f89, cl-ppcre-20240503-80fb19d/cl-ppcre.asd
cl-ppcre-unicode, ghcr.io/ocicl/cl-ppcre@sha256:584907e0683621973579f397115945ef73e9d5b7afa77fae7cacecb3ad272f89, cl-ppcre-20240503-80fb19d/cl-ppcre-unicode.asd
cl-setlocale, ghcr.io/ocicl/cl-setlocale@sha256:0efaba844f0f2b1c2771e1b64a3c7a1b8d23b6bb4e4a797a8e37fbf1d41532a1, cl-setlocale-20240503-f660d07/cl-setlocale.asd
cl-unicode, ghcr.io/ocicl/cl-unicode@sha256:d98f12c1271fb3c1812a27d64dfbe95b0bc5bcfd545b71b8101874e61270b120, cl-unicode-20240503-07e7ff5/cl-unicode.asd
cl-utilities, ghcr.io/ocicl/cl-utilities@sha256:e5e0676a4e0627332a0fe64d56ed4f1890f0466d715a11e8d95561b4c2baa38f, cl-utilities-20240503-6b4de39/cl-utilities.asd
cl_plus_ssl, ghcr.io/ocicl/cl_plus_ssl@sha256:acb61e8e4d3efcb23f4d86405ad22fdca2d685268c664735c962646a09706ab6, cl-plus-ssl-20240505-17d5cdd/cl+ssl.asd
cl_plus_ssl.test, ghcr.io/ocicl/cl_plus_ssl@sha256:acb61e8e4d3efcb23f4d86405ad22fdca2d685268c664735c962646a09706ab6, cl-plus-ssl-20240505-17d5cdd/cl+ssl.test.asd
closer-mop, ghcr.io/ocicl/closer-mop@sha256:1c02d5bd0386094047941a4f4cc7423c82b3b6408763d0ef2704f61589cf284d, closer-mop-20240830-f434ed2/closer-mop.asd
colorize, ghcr.io/ocicl/colorize@sha256:8b63846f0b13d2d6f6f13cf6957a961335af5b5a3d9770278c59374ce3560f78, colorize-20240503-f5ed4b3/colorize.asd
defpackage-plus, ghcr.io/ocicl/defpackage-plus@sha256:860cd29dded7b30c418ac022b2af8fa5daf947c0164b82f526662ec76bf3de14, defpackage-plus-20240503-5492e27/defpackage-plus.asd
defsystem-dependency, ghcr.io/ocicl/asdf@sha256:c31bc0ad720d484b6e4eb1a94bfea1a1fcaa431e0104349811ee721d2e0709ed, asdf-3.3.7/test/defsystem-depends-on/defsystem-dependency.asd
deliver-bundle, ghcr.io/ocicl/asdf@sha256:c31bc0ad720d484b6e4eb1a94bfea1a1fcaa431e0104349811ee721d2e0709ed, asdf-3.3.7/test/deliver-bundle.asd
dexador, ghcr.io/ocicl/dexador@sha256:3c26c981c97c658db32e446cad6fdcb35ae6606b22af1ddcda6caba6e2e260f5, dexador-20240924-7f21ca7/dexador.asd
dexador-test, ghcr.io/ocicl/dexador@sha256:3c26c981c97c658db32e446cad6fdcb35ae6606b22af1ddcda6caba6e2e260f5, dexador-20240924-7f21ca7/dexador-test.asd
dexador-usocket, ghcr.io/ocicl/dexador@sha256:3c26c981c97c658db32e446cad6fdcb35ae6606b22af1ddcda6caba6e2e260f5, dexador-20240924-7f21ca7/dexador-usocket.asd
dissect, ghcr.io/ocicl/dissect@sha256:f39bc231c73d8fa78935c25de4cd0b1ccca6e97f136c430a8bfa2272987abb18, dissect-20240503-a70cabc/dissect.asd
documentation-utils, ghcr.io/ocicl/documentation-utils@sha256:b2a1b3f3bcd1a738af85ae2b0168d408c177661eab6d6bbebb254e394d983f54, documentation-utils-20230511-98630dd/documentation-utils.asd
duplicate-components, ghcr.io/ocicl/asdf@sha256:c31bc0ad720d484b6e4eb1a94bfea1a1fcaa431e0104349811ee721d2e0709ed, asdf-3.3.7/test/duplicate-components.asd
esrap, ghcr.io/ocicl/esrap@sha256:0d49d836fc823e6e369e03dcdab3c6cfd04dfe0eaaf8dabbee96865bb856713f, esrap-20240514-d9d4100/esrap.asd
fast-http, ghcr.io/ocicl/fast-http@sha256:44e98b5239c0ded4921dc0b04ae272cff00583d93797a657543db782979eb50c, fast-http-20240503-2232fc9/fast-http.asd
fast-http-test, ghcr.io/ocicl/fast-http@sha256:44e98b5239c0ded4921dc0b04ae272cff00583d93797a657543db782979eb50c, fast-http-20240503-2232fc9/fast-http-test.asd
fast-io, ghcr.io/ocicl/fast-io@sha256:7ba35a0eddf00b3c25656b3c5a93e95460f6cb8f807afbc04ef4f50076d95aff, fast-io-20240503-a4c5ad6/fast-io.asd
fast-io-test, ghcr.io/ocicl/fast-io@sha256:7ba35a0eddf00b3c25656b3c5a93e95460f6cb8f807afbc04ef4f50076d95aff, fast-io-20240503-a4c5ad6/fast-io-test.asd
file3-only, ghcr.io/ocicl/asdf@sha256:c31bc0ad720d484b6e4eb1a94bfea1a1fcaa431e0104349811ee721d2e0709ed, asdf-3.3.7/test/file3-only.asd
fiveam, ghcr.io/ocicl/iterate@sha256:398e3747b164f42e1a19fccf974bdf9c2a7938660f9bead1bb052124d58b5476, iterate-20240503-26cf129/ext/fiveam/fiveam.asd
fiveam-asdf, ghcr.io/ocicl/asdf@sha256:c31bc0ad720d484b6e4eb1a94bfea1a1fcaa431e0104349811ee721d2e0709ed, asdf-3.3.7/contrib/fiveam-asdf/fiveam-asdf.asd
flexi-streams, ghcr.io/ocicl/flexi-streams@sha256:95005b06a8a95c82780c75ead53810bcb273d07fcf5fe76b527f1856df9923f2, flexi-streams-20240503-4951d57/flexi-streams.asd
flexi-streams-test, ghcr.io/ocicl/flexi-streams@sha256:95005b06a8a95c82780c75ead53810bcb273d07fcf5fe76b527f1856df9923f2, flexi-streams-20240503-4951d57/flexi-streams-test.asd
float-features, ghcr.io/ocicl/float-features@sha256:536e1bea5ec427500be32f5c7e6f627c4dfd3c7d6277ad7af5eaf298aed857e1, float-features-20240503-f10113a/float-features.asd
float-features-tests, ghcr.io/ocicl/float-features@sha256:536e1bea5ec427500be32f5c7e6f627c4dfd3c7d6277ad7af5eaf298aed857e1, float-features-20240503-f10113a/float-features-tests.asd
foo, ghcr.io/ocicl/sblint@sha256:397120ecc309315a647d3f88a14be6a6ffa31f3a94b0dfb65bcb6932f0b844a3, sblint-20240503-1037296/tests/example/foo/foo.asd
global-vars, ghcr.io/ocicl/global-vars@sha256:d197e871c9c9abc4bf31b1186f5fd28f0ca848ebe2e9dddf2d82ecee01dbdc65, global-vars-20240503-c749f32/global-vars.asd
global-vars-test, ghcr.io/ocicl/global-vars@sha256:d197e871c9c9abc4bf31b1186f5fd28f0ca848ebe2e9dddf2d82ecee01dbdc65, global-vars-20240503-c749f32/global-vars-test.asd
hello-world-example, ghcr.io/ocicl/asdf@sha256:c31bc0ad720d484b6e4eb1a94bfea1a1fcaa431e0104349811ee721d2e0709ed, asdf-3.3.7/test/hello-world-example.asd
hellow, ghcr.io/ocicl/asdf@sha256:c31bc0ad720d484b6e4eb1a94bfea1a1fcaa431e0104349811ee721d2e0709ed, asdf-3.3.7/test/ecl-make-image/hellow.asd
html-encode, ghcr.io/ocicl/html-encode@sha256:3e3248ba94ccd5a49f5272b44e0341de29924c52346759f16b0beae4888ec440, html-encode-1.2/html-encode.asd
hunchensocket, ghcr.io/ocicl/hunchensocket@sha256:d3643f9ef3926b2a6fa0f081a24f0cdb3316fc38cb58d049ab76a27eba7adb68, hunchensocket-20240503-faf2c08/hunchensocket.asd
hunchentoot, ghcr.io/ocicl/hunchentoot@sha256:1dbccc1f9770d3d8917ef87d71720b4ec7f2d6bebf24a3072afca478b00b4427, hunchentoot-1.3.1/hunchentoot.asd
inquisitor, ghcr.io/ocicl/inquisitor@sha256:aea0347743cae043a7d2a9decad50bec2fefb69b809b6452e93b7ff6427150a5, inquisitor-20240503-423fa9b/inquisitor.asd
inquisitor-flexi, ghcr.io/ocicl/inquisitor@sha256:aea0347743cae043a7d2a9decad50bec2fefb69b809b6452e93b7ff6427150a5, inquisitor-20240503-423fa9b/inquisitor-flexi.asd
inquisitor-flexi-test, ghcr.io/ocicl/inquisitor@sha256:aea0347743cae043a7d2a9decad50bec2fefb69b809b6452e93b7ff6427150a5, inquisitor-20240503-423fa9b/inquisitor-flexi-test.asd
inquisitor-test, ghcr.io/ocicl/inquisitor@sha256:aea0347743cae043a7d2a9decad50bec2fefb69b809b6452e93b7ff6427150a5, inquisitor-20240503-423fa9b/inquisitor-test.asd
intermediate-dependency, ghcr.io/ocicl/asdf@sha256:c31bc0ad720d484b6e4eb1a94bfea1a1fcaa431e0104349811ee721d2e0709ed, asdf-3.3.7/test/defsystem-depends-on/intermediate-dependency.asd
introspect-environment, ghcr.io/ocicl/introspect-environment@sha256:4fa482690dee130996f1d0f89b470e0e84c92f22caea7649d3b83ce3e49c78ba, introspect-environment-20240503-69a50ac/introspect-environment.asd
introspect-environment-test, ghcr.io/ocicl/introspect-environment@sha256:4fa482690dee130996f1d0f89b470e0e84c92f22caea7649d3b83ce3e49c78ba, introspect-environment-20240503-69a50ac/introspect-environment-test.asd
iterate, ghcr.io/ocicl/iterate@sha256:398e3747b164f42e1a19fccf974bdf9c2a7938660f9bead1bb052124d58b5476, iterate-20240503-26cf129/iterate.asd
jsonrpc, ghcr.io/ocicl/jsonrpc@sha256:866829108a17aab1db5c485b42da908d67da6f8856d8ead5dc043adae3bdc66e, jsonrpc-20240916-71558b1/jsonrpc.asd
lem, ghcr.io/ocicl/lem@sha256:bc4b306b0e20aec1a4910ca1cc8fe19303e39405c88c788ec4396589df49cf37, lem-20240924-87fbab31/lem.asd
lem-asciidoc-mode, ghcr.io/ocicl/lem@sha256:bc4b306b0e20aec1a4910ca1cc8fe19303e39405c88c788ec4396589df49cf37, lem-20240924-87fbab31/extensions/asciidoc-mode/lem-asciidoc-mode.asd
lem-asm-mode, ghcr.io/ocicl/lem@sha256:bc4b306b0e20aec1a4910ca1cc8fe19303e39405c88c788ec4396589df49cf37, lem-20240924-87fbab31/extensions/asm-mode/lem-asm-mode.asd
lem-base16-themes, ghcr.io/ocicl/lem-base16-themes@sha256:38faa67d164e475c61443ae81e2b7189b1a27c096c2428f738fbfb71fa610086, lem-base16-themes-20240503-74335ff/lem-base16-themes.asd
lem-base16-themes-generate, ghcr.io/ocicl/lem-base16-themes@sha256:38faa67d164e475c61443ae81e2b7189b1a27c096c2428f738fbfb71fa610086, lem-base16-themes-20240503-74335ff/lem-base16-themes-generate.asd
lem-bracket-paren-mode, ghcr.io/ocicl/lem@sha256:bc4b306b0e20aec1a4910ca1cc8fe19303e39405c88c788ec4396589df49cf37, lem-20240924-87fbab31/contrib/bracket-paren-mode/lem-bracket-paren-mode.asd
lem-c-mode, ghcr.io/ocicl/lem@sha256:bc4b306b0e20aec1a4910ca1cc8fe19303e39405c88c788ec4396589df49cf37, lem-20240924-87fbab31/extensions/c-mode/lem-c-mode.asd
lem-calc-mode, ghcr.io/ocicl/lem@sha256:bc4b306b0e20aec1a4910ca1cc8fe19303e39405c88c788ec4396589df49cf37, lem-20240924-87fbab31/contrib/calc-mode/lem-calc-mode.asd
lem-color-preview, ghcr.io/ocicl/lem@sha256:bc4b306b0e20aec1a4910ca1cc8fe19303e39405c88c788ec4396589df49cf37, lem-20240924-87fbab31/extensions/color-preview/lem-color-preview.asd
lem-contrib, ghcr.io/ocicl/lem@sha256:bc4b306b0e20aec1a4910ca1cc8fe19303e39405c88c788ec4396589df49cf37, lem-20240924-87fbab31/contrib/lem-contrib.asd
lem-copilot, ghcr.io/ocicl/lem@sha256:bc4b306b0e20aec1a4910ca1cc8fe19303e39405c88c788ec4396589df49cf37, lem-20240924-87fbab31/extensions/copilot/lem-copilot.asd
lem-css-mode, ghcr.io/ocicl/lem@sha256:bc4b306b0e20aec1a4910ca1cc8fe19303e39405c88c788ec4396589df49cf37, lem-20240924-87fbab31/extensions/css-mode/lem-css-mode.asd
lem-dart-mode, ghcr.io/ocicl/lem@sha256:bc4b306b0e20aec1a4910ca1cc8fe19303e39405c88c788ec4396589df49cf37, lem-20240924-87fbab31/extensions/dart-mode/lem-dart-mode.asd
lem-dashboard, ghcr.io/ocicl/lem@sha256:bc4b306b0e20aec1a4910ca1cc8fe19303e39405c88c788ec4396589df49cf37, lem-20240924-87fbab31/extensions/lem-dashboard/lem-dashboard.asd
lem-documentation-mode, ghcr.io/ocicl/lem@sha256:bc4b306b0e20aec1a4910ca1cc8fe19303e39405c88c788ec4396589df49cf37, lem-20240924-87fbab31/extensions/documentation-mode/lem-documentation-mode.asd
lem-dot-mode, ghcr.io/ocicl/lem@sha256:bc4b306b0e20aec1a4910ca1cc8fe19303e39405c88c788ec4396589df49cf37, lem-20240924-87fbab31/extensions/dot-mode/lem-dot-mode.asd
lem-elisp-mode, ghcr.io/ocicl/lem@sha256:bc4b306b0e20aec1a4910ca1cc8fe19303e39405c88c788ec4396589df49cf37, lem-20240924-87fbab31/extensions/elisp-mode/lem-elisp-mode.asd
lem-elixir-mode, ghcr.io/ocicl/lem@sha256:bc4b306b0e20aec1a4910ca1cc8fe19303e39405c88c788ec4396589df49cf37, lem-20240924-87fbab31/extensions/elixir-mode/lem-elixir-mode.asd
lem-encodings, ghcr.io/ocicl/lem@sha256:bc4b306b0e20aec1a4910ca1cc8fe19303e39405c88c788ec4396589df49cf37, lem-20240924-87fbab31/extensions/encodings/lem-encodings.asd
lem-encodings-table, ghcr.io/ocicl/lem@sha256:bc4b306b0e20aec1a4910ca1cc8fe19303e39405c88c788ec4396589df49cf37, lem-20240924-87fbab31/extensions/encodings/encodings-table/lem-encodings-table.asd
lem-erlang-mode, ghcr.io/ocicl/lem@sha256:bc4b306b0e20aec1a4910ca1cc8fe19303e39405c88c788ec4396589df49cf37, lem-20240924-87fbab31/extensions/erlang-mode/lem-erlang-mode.asd
lem-fake-interface, ghcr.io/ocicl/lem@sha256:bc4b306b0e20aec1a4910ca1cc8fe19303e39405c88c788ec4396589df49cf37, lem-20240924-87fbab31/frontends/fake-interface/lem-fake-interface.asd
lem-fbar, ghcr.io/ocicl/lem@sha256:bc4b306b0e20aec1a4910ca1cc8fe19303e39405c88c788ec4396589df49cf37, lem-20240924-87fbab31/contrib/fbar/lem-fbar.asd
lem-go-mode, ghcr.io/ocicl/lem@sha256:bc4b306b0e20aec1a4910ca1cc8fe19303e39405c88c788ec4396589df49cf37, lem-20240924-87fbab31/extensions/go-mode/lem-go-mode.asd
lem-google-translate, ghcr.io/ocicl/lem@sha256:bc4b306b0e20aec1a4910ca1cc8fe19303e39405c88c788ec4396589df49cf37, lem-20240924-87fbab31/contrib/google-translate/lem-google-translate.asd
lem-haskell-mode, ghcr.io/ocicl/lem@sha256:bc4b306b0e20aec1a4910ca1cc8fe19303e39405c88c788ec4396589df49cf37, lem-20240924-87fbab31/extensions/haskell-mode/lem-haskell-mode.asd
lem-html-mode, ghcr.io/ocicl/lem@sha256:bc4b306b0e20aec1a4910ca1cc8fe19303e39405c88c788ec4396589df49cf37, lem-20240924-87fbab31/extensions/html-mode/lem-html-mode.asd
lem-java-mode, ghcr.io/ocicl/lem@sha256:bc4b306b0e20aec1a4910ca1cc8fe19303e39405c88c788ec4396589df49cf37, lem-20240924-87fbab31/extensions/java-mode/lem-java-mode.asd
lem-js-mode, ghcr.io/ocicl/lem@sha256:bc4b306b0e20aec1a4910ca1cc8fe19303e39405c88c788ec4396589df49cf37, lem-20240924-87fbab31/extensions/js-mode/lem-js-mode.asd
lem-json-mode, ghcr.io/ocicl/lem@sha256:bc4b306b0e20aec1a4910ca1cc8fe19303e39405c88c788ec4396589df49cf37, lem-20240924-87fbab31/extensions/json-mode/lem-json-mode.asd
lem-language-client, ghcr.io/ocicl/lem@sha256:bc4b306b0e20aec1a4910ca1cc8fe19303e39405c88c788ec4396589df49cf37, lem-20240924-87fbab31/extensions/language-client/lem-language-client.asd
lem-language-server, ghcr.io/ocicl/lem@sha256:bc4b306b0e20aec1a4910ca1cc8fe19303e39405c88c788ec4396589df49cf37, lem-20240924-87fbab31/extensions/language-server/lem-language-server.asd
lem-legit, ghcr.io/ocicl/lem@sha256:bc4b306b0e20aec1a4910ca1cc8fe19303e39405c88c788ec4396589df49cf37, lem-20240924-87fbab31/extensions/legit/lem-legit.asd
lem-lisp-mode, ghcr.io/ocicl/lem@sha256:bc4b306b0e20aec1a4910ca1cc8fe19303e39405c88c788ec4396589df49cf37, lem-20240924-87fbab31/extensions/lisp-mode/lem-lisp-mode.asd
lem-lisp-syntax, ghcr.io/ocicl/lem@sha256:bc4b306b0e20aec1a4910ca1cc8fe19303e39405c88c788ec4396589df49cf37, lem-20240924-87fbab31/extensions/lisp-syntax/lem-lisp-syntax.asd
lem-lsp-base, ghcr.io/ocicl/lem@sha256:bc4b306b0e20aec1a4910ca1cc8fe19303e39405c88c788ec4396589df49cf37, lem-20240924-87fbab31/extensions/lsp-base/lem-lsp-base.asd
lem-lsp-mode, ghcr.io/ocicl/lem@sha256:bc4b306b0e20aec1a4910ca1cc8fe19303e39405c88c788ec4396589df49cf37, lem-20240924-87fbab31/extensions/lsp-mode/lem-lsp-mode.asd
lem-lua-mode, ghcr.io/ocicl/lem@sha256:bc4b306b0e20aec1a4910ca1cc8fe19303e39405c88c788ec4396589df49cf37, lem-20240924-87fbab31/extensions/lua-mode/lem-lua-mode.asd
lem-mailbox, ghcr.io/ocicl/lem-mailbox@sha256:f9c34eefff7ed8239f98286c83fc60645a832215b1c6a116a342d6e3267393b0, lem-mailbox-20240503-12d6295/lem-mailbox.asd
lem-makefile-mode, ghcr.io/ocicl/lem@sha256:bc4b306b0e20aec1a4910ca1cc8fe19303e39405c88c788ec4396589df49cf37, lem-20240924-87fbab31/extensions/makefile-mode/lem-makefile-mode.asd
lem-markdown-mode, ghcr.io/ocicl/lem@sha256:bc4b306b0e20aec1a4910ca1cc8fe19303e39405c88c788ec4396589df49cf37, lem-20240924-87fbab31/extensions/markdown-mode/lem-markdown-mode.asd
lem-migemo, ghcr.io/ocicl/lem@sha256:bc4b306b0e20aec1a4910ca1cc8fe19303e39405c88c788ec4396589df49cf37, lem-20240924-87fbab31/contrib/migemo/lem-migemo.asd
lem-modeline-battery, ghcr.io/ocicl/lem@sha256:bc4b306b0e20aec1a4910ca1cc8fe19303e39405c88c788ec4396589df49cf37, lem-20240924-87fbab31/contrib/modeline-battery/lem-modeline-battery.asd
lem-mouse-sgr1006, ghcr.io/ocicl/lem@sha256:bc4b306b0e20aec1a4910ca1cc8fe19303e39405c88c788ec4396589df49cf37, lem-20240924-87fbab31/contrib/mouse-sgr1006/lem-mouse-sgr1006.asd
lem-ncurses, ghcr.io/ocicl/lem@sha256:bc4b306b0e20aec1a4910ca1cc8fe19303e39405c88c788ec4396589df49cf37, lem-20240924-87fbab31/frontends/ncurses/lem-ncurses.asd
lem-nim-mode, ghcr.io/ocicl/lem@sha256:bc4b306b0e20aec1a4910ca1cc8fe19303e39405c88c788ec4396589df49cf37, lem-20240924-87fbab31/extensions/nim-mode/lem-nim-mode.asd
lem-ocaml-mode, ghcr.io/ocicl/lem@sha256:bc4b306b0e20aec1a4910ca1cc8fe19303e39405c88c788ec4396589df49cf37, lem-20240924-87fbab31/extensions/ocaml-mode/lem-ocaml-mode.asd
lem-ollama, ghcr.io/ocicl/lem@sha256:bc4b306b0e20aec1a4910ca1cc8fe19303e39405c88c788ec4396589df49cf37, lem-20240924-87fbab31/contrib/ollama/lem-ollama.asd
lem-paredit-mode, ghcr.io/ocicl/lem@sha256:bc4b306b0e20aec1a4910ca1cc8fe19303e39405c88c788ec4396589df49cf37, lem-20240924-87fbab31/extensions/paredit-mode/lem-paredit-mode.asd
lem-patch-mode, ghcr.io/ocicl/lem@sha256:bc4b306b0e20aec1a4910ca1cc8fe19303e39405c88c788ec4396589df49cf37, lem-20240924-87fbab31/extensions/patch-mode/lem-patch-mode.asd
lem-pdcurses, ghcr.io/ocicl/lem@sha256:bc4b306b0e20aec1a4910ca1cc8fe19303e39405c88c788ec4396589df49cf37, lem-20240924-87fbab31/frontends/pdcurses/lem-pdcurses.asd
lem-posix-shell-mode, ghcr.io/ocicl/lem@sha256:bc4b306b0e20aec1a4910ca1cc8fe19303e39405c88c788ec4396589df49cf37, lem-20240924-87fbab31/extensions/posix-shell-mode/lem-posix-shell-mode.asd
lem-process, ghcr.io/ocicl/lem@sha256:bc4b306b0e20aec1a4910ca1cc8fe19303e39405c88c788ec4396589df49cf37, lem-20240924-87fbab31/extensions/process/lem-process.asd
lem-python-mode, ghcr.io/ocicl/lem@sha256:bc4b306b0e20aec1a4910ca1cc8fe19303e39405c88c788ec4396589df49cf37, lem-20240924-87fbab31/extensions/python-mode/lem-python-mode.asd
lem-review-mode, ghcr.io/ocicl/lem@sha256:bc4b306b0e20aec1a4910ca1cc8fe19303e39405c88c788ec4396589df49cf37, lem-20240924-87fbab31/extensions/review-mode/lem-review-mode.asd
lem-rust-mode, ghcr.io/ocicl/lem@sha256:bc4b306b0e20aec1a4910ca1cc8fe19303e39405c88c788ec4396589df49cf37, lem-20240924-87fbab31/extensions/rust-mode/lem-rust-mode.asd
lem-scala-mode, ghcr.io/ocicl/lem@sha256:bc4b306b0e20aec1a4910ca1cc8fe19303e39405c88c788ec4396589df49cf37, lem-20240924-87fbab31/extensions/scala-mode/lem-scala-mode.asd
lem-scheme-mode, ghcr.io/ocicl/lem@sha256:bc4b306b0e20aec1a4910ca1cc8fe19303e39405c88c788ec4396589df49cf37, lem-20240924-87fbab31/extensions/scheme-mode/lem-scheme-mode.asd
lem-sdl2, ghcr.io/ocicl/lem@sha256:bc4b306b0e20aec1a4910ca1cc8fe19303e39405c88c788ec4396589df49cf37, lem-20240924-87fbab31/frontends/sdl2/lem-sdl2.asd
lem-selection-mode, ghcr.io/ocicl/lem@sha256:bc4b306b0e20aec1a4910ca1cc8fe19303e39405c88c788ec4396589df49cf37, lem-20240924-87fbab31/contrib/selection-mode/lem-selection-mode.asd
lem-shell-mode, ghcr.io/ocicl/lem@sha256:bc4b306b0e20aec1a4910ca1cc8fe19303e39405c88c788ec4396589df49cf37, lem-20240924-87fbab31/extensions/shell-mode/lem-shell-mode.asd
lem-socket-utils, ghcr.io/ocicl/lem@sha256:9be1915ffdd6bbeccf7ef1b94dccc8ca06753528b04820f84486331d3e8a1cd9, lem-20240526-d7d359fa/lib/socket-utils/lem-socket-utils.asd
lem-sql-mode, ghcr.io/ocicl/lem@sha256:bc4b306b0e20aec1a4910ca1cc8fe19303e39405c88c788ec4396589df49cf37, lem-20240924-87fbab31/extensions/sql-mode/lem-sql-mode.asd
lem-swift-mode, ghcr.io/ocicl/lem@sha256:bc4b306b0e20aec1a4910ca1cc8fe19303e39405c88c788ec4396589df49cf37, lem-20240924-87fbab31/extensions/swift-mode/lem-swift-mode.asd
lem-terminal, ghcr.io/ocicl/lem@sha256:bc4b306b0e20aec1a4910ca1cc8fe19303e39405c88c788ec4396589df49cf37, lem-20240924-87fbab31/extensions/terminal/lem-terminal.asd
lem-terraform-mode, ghcr.io/ocicl/lem@sha256:bc4b306b0e20aec1a4910ca1cc8fe19303e39405c88c788ec4396589df49cf37, lem-20240924-87fbab31/extensions/terraform-mode/lem-terraform-mode.asd
lem-tests, ghcr.io/ocicl/lem@sha256:bc4b306b0e20aec1a4910ca1cc8fe19303e39405c88c788ec4396589df49cf37, lem-20240924-87fbab31/lem-tests.asd
lem-tetris, ghcr.io/ocicl/lem@sha256:bc4b306b0e20aec1a4910ca1cc8fe19303e39405c88c788ec4396589df49cf37, lem-20240924-87fbab31/contrib/tetris/lem-tetris.asd
lem-trailing-spaces, ghcr.io/ocicl/lem@sha256:bc4b306b0e20aec1a4910ca1cc8fe19303e39405c88c788ec4396589df49cf37, lem-20240924-87fbab31/contrib/trailing-spaces/lem-trailing-spaces.asd
lem-typescript-mode, ghcr.io/ocicl/lem@sha256:bc4b306b0e20aec1a4910ca1cc8fe19303e39405c88c788ec4396589df49cf37, lem-20240924-87fbab31/extensions/typescript-mode/lem-typescript-mode.asd
lem-version-up, ghcr.io/ocicl/lem@sha256:bc4b306b0e20aec1a4910ca1cc8fe19303e39405c88c788ec4396589df49cf37, lem-20240924-87fbab31/contrib/version-up/lem-version-up.asd
lem-vi-mode, ghcr.io/ocicl/lem@sha256:bc4b306b0e20aec1a4910ca1cc8fe19303e39405c88c788ec4396589df49cf37, lem-20240924-87fbab31/extensions/vi-mode/lem-vi-mode.asd
lem-welcome, ghcr.io/ocicl/lem@sha256:bc4b306b0e20aec1a4910ca1cc8fe19303e39405c88c788ec4396589df49cf37, lem-20240924-87fbab31/extensions/welcome/lem-welcome.asd
lem-xml-mode, ghcr.io/ocicl/lem@sha256:bc4b306b0e20aec1a4910ca1cc8fe19303e39405c88c788ec4396589df49cf37, lem-20240924-87fbab31/extensions/xml-mode/lem-xml-mode.asd
lem-yaml-mode, ghcr.io/ocicl/lem@sha256:bc4b306b0e20aec1a4910ca1cc8fe19303e39405c88c788ec4396589df49cf37, lem-20240924-87fbab31/extensions/yaml-mode/lem-yaml-mode.asd
lisp-namespace, ghcr.io/ocicl/lisp-namespace@sha256:ae08006e0b267958c50160658c729c799c6e1c18d94eef83f2ce5cf6ab8bbd20, lisp-namespace-20240503-699fccb/lisp-namespace.asd
lisp-namespace.test, ghcr.io/ocicl/lisp-namespace@sha256:ae08006e0b267958c50160658c729c799c6e1c18d94eef83f2ce5cf6ab8bbd20, lisp-namespace-20240503-699fccb/lisp-namespace.test.asd
lisp-preprocessor, ghcr.io/ocicl/lisp-preprocessor@sha256:99d2e37919b0350c7101fb3fdec931f644c7850d99b796f498bf28a28b7b8f6a, lisp-preprocessor-20240503-cbed595/lisp-preprocessor.asd
local-time, ghcr.io/ocicl/local-time@sha256:f6b11fc15cf92adb87a847d3af918ada947c2648660e74133db9183e7da0db70, local-time-20240817-5a09552/local-time.asd
log4cl, ghcr.io/ocicl/log4cl@sha256:bd33f6e5ad346892e852492e7101bc18d263f9ef2ba6192178568d1b20337112, log4cl-20240503-fe3da51/log4cl.asd
log4cl-examples, ghcr.io/ocicl/log4cl@sha256:bd33f6e5ad346892e852492e7101bc18d263f9ef2ba6192178568d1b20337112, log4cl-20240503-fe3da51/log4cl-examples.asd
log4cl.log4slime, ghcr.io/ocicl/log4cl@sha256:bd33f6e5ad346892e852492e7101bc18d263f9ef2ba6192178568d1b20337112, log4cl-20240503-fe3da51/log4cl.log4slime.asd
log4cl.log4sly, ghcr.io/ocicl/log4cl@sha256:bd33f6e5ad346892e852492e7101bc18d263f9ef2ba6192178568d1b20337112, log4cl-20240503-fe3da51/log4cl.log4sly.asd
loop, ghcr.io/ocicl/asdf@sha256:c31bc0ad720d484b6e4eb1a94bfea1a1fcaa431e0104349811ee721d2e0709ed, asdf-3.3.7/test/loop.asd
main-system, ghcr.io/ocicl/asdf@sha256:c31bc0ad720d484b6e4eb1a94bfea1a1fcaa431e0104349811ee721d2e0709ed, asdf-3.3.7/test/defsystem-depends-on/main-system.asd
md5, ghcr.io/ocicl/md5@sha256:7d8a8d7af07a2bcbca05ad839555730a0e021c697bf13cc02279669c7a9b038b, md5-2.0.5/md5.asd
micros, ghcr.io/ocicl/micros@sha256:7bb86dd6baeab301b5aedb4868ef034c03f65a3bce441e558daf1b98bc04d78d, micros-20240528-9fc7f1e/micros.asd
multilang-documentation-utils, ghcr.io/ocicl/documentation-utils@sha256:b2a1b3f3bcd1a738af85ae2b0168d408c177661eab6d6bbebb254e394d983f54, documentation-utils-20230511-98630dd/multilang-documentation-utils.asd
net.didierverna.asdf-flv, ghcr.io/ocicl/iterate@sha256:398e3747b164f42e1a19fccf974bdf9c2a7938660f9bead1bb052124d58b5476, iterate-20240503-26cf129/ext/asdf-flv/net.didierverna.asdf-flv.asd
overlapping-dependency, ghcr.io/ocicl/asdf@sha256:c31bc0ad720d484b6e4eb1a94bfea1a1fcaa431e0104349811ee721d2e0709ed, asdf-3.3.7/test/defsystem-depends-on/overlapping-dependency.asd
package-inferred-system-test, ghcr.io/ocicl/asdf@sha256:c31bc0ad720d484b6e4eb1a94bfea1a1fcaa431e0104349811ee721d2e0709ed, asdf-3.3.7/test/package-inferred-system-test/package-inferred-system-test.asd
package-inferred-system-test-2, ghcr.io/ocicl/asdf@sha256:c31bc0ad720d484b6e4eb1a94bfea1a1fcaa431e0104349811ee721d2e0709ed, asdf-3.3.7/test/package-inferred-extension-test/package-inferred-system-test-2.asd
parse-number, ghcr.io/ocicl/parse-number@sha256:11f3f9f512871e1f96cea6b8260aa3610e34e8fd7272bbcdb210fd3c5dd8025c, parse-number-20240503-cb9e487/parse-number.asd
proc-parse, ghcr.io/ocicl/proc-parse@sha256:0880f9acb35eb9efbe1f77a981e36e84e8f29a22b14f680c7686eb381fa87bd6, proc-parse-20240503-3afe2b7/proc-parse.asd
proc-parse-test, ghcr.io/ocicl/proc-parse@sha256:0880f9acb35eb9efbe1f77a981e36e84e8f29a22b14f680c7686eb381fa87bd6, proc-parse-20240503-3afe2b7/proc-parse-test.asd
queues, ghcr.io/ocicl/queues@sha256:bf4e28daa0e4206e18cff3567b7b67e116211cf81a58a59055b139f8d7dbdce4, queues-20240503-47d4da6/queues.asd
queues.priority-cqueue, ghcr.io/ocicl/queues@sha256:bf4e28daa0e4206e18cff3567b7b67e116211cf81a58a59055b139f8d7dbdce4, queues-20240503-47d4da6/queues.priority-cqueue.asd
queues.priority-queue, ghcr.io/ocicl/queues@sha256:bf4e28daa0e4206e18cff3567b7b67e116211cf81a58a59055b139f8d7dbdce4, queues-20240503-47d4da6/queues.priority-queue.asd
queues.simple-cqueue, ghcr.io/ocicl/queues@sha256:bf4e28daa0e4206e18cff3567b7b67e116211cf81a58a59055b139f8d7dbdce4, queues-20240503-47d4da6/queues.simple-cqueue.asd
queues.simple-queue, ghcr.io/ocicl/queues@sha256:bf4e28daa0e4206e18cff3567b7b67e116211cf81a58a59055b139f8d7dbdce4, queues-20240503-47d4da6/queues.simple-queue.asd
quri, ghcr.io/ocicl/quri@sha256:e2559f91600e4895e115b42dde88fcaac3677f051335d73431888dcf7af99f95, quri-0.7.0/quri.asd
quri-test, ghcr.io/ocicl/quri@sha256:e2559f91600e4895e115b42dde88fcaac3677f051335d73431888dcf7af99f95, quri-0.7.0/quri-test.asd
require-system, ghcr.io/ocicl/asdf@sha256:c31bc0ad720d484b6e4eb1a94bfea1a1fcaa431e0104349811ee721d2e0709ed, asdf-3.3.7/test/require-system.asd
rfc2388, ghcr.io/ocicl/rfc2388@sha256:4190f6eb36b3b2f53def6eff56b44e76edf4086ada2feb6d88bb671a40fc9f70, rfc2388-20240503-591bcf7/rfc2388.asd
rove, ghcr.io/ocicl/rove@sha256:bf531a3d2211e91334807a77c0023c31a38579358913d18725f3cf620d2a49f4, rove-20240620-cacea73/rove.asd
rt, ghcr.io/ocicl/iterate@sha256:398e3747b164f42e1a19fccf974bdf9c2a7938660f9bead1bb052124d58b5476, iterate-20240503-26cf129/ext/rt/rt.asd
run-lint-directory-other-than-qlot-dir-example, ghcr.io/ocicl/sblint@sha256:397120ecc309315a647d3f88a14be6a6ffa31f3a94b0dfb65bcb6932f0b844a3, sblint-20240503-1037296/tests/example/run-lint-directory-other-than-qlot-dir-example/run-lint-directory-other-than-qlot-dir-example.asd
run-lint-directory-other-than-qlot-dir-example-qlot, ghcr.io/ocicl/sblint@sha256:397120ecc309315a647d3f88a14be6a6ffa31f3a94b0dfb65bcb6932f0b844a3, sblint-20240503-1037296/tests/example/run-lint-directory-other-than-qlot-dir-example/.qlot/run-lint-directory-other-than-qlot-dir-example-qlot.asd
sblint, ghcr.io/ocicl/sblint@sha256:397120ecc309315a647d3f88a14be6a6ffa31f3a94b0dfb65bcb6932f0b844a3, sblint-20240503-1037296/sblint.asd
sblint-tests, ghcr.io/ocicl/sblint@sha256:397120ecc309315a647d3f88a14be6a6ffa31f3a94b0dfb65bcb6932f0b844a3, sblint-20240503-1037296/sblint-tests.asd
sdl2, ghcr.io/ocicl/sdl2@sha256:925406e016daf3641d027b5377b17fa74c371a7c2d878ad742f28e191e686657, cl-sdl2-20240808-e2c6235/sdl2.asd
sdl2-image, ghcr.io/ocicl/sdl2-image@sha256:d108c01c46048c600dc969a96a004b6d91f16af38398b2bece69effeab16a46b, cl-sdl2-image-20240915-3963be8/sdl2-image.asd
sdl2-ttf, ghcr.io/ocicl/sdl2-ttf@sha256:1068e283e9b50da69ed23b60d9357d67588f965417465e054e13a3b1d9b6f0dc, cl-sdl2-ttf-20240503-90b0fcb/sdl2-ttf.asd
sdl2-ttf-examples, ghcr.io/ocicl/sdl2-ttf@sha256:1068e283e9b50da69ed23b60d9357d67588f965417465e054e13a3b1d9b6f0dc, cl-sdl2-ttf-20240503-90b0fcb/sdl2-ttf-examples.asd
sha1, ghcr.io/ocicl/sha1@sha256:d332af205bf3b5db2bdf8ea6df9f5127627343ce19bc313d00cfa2d80a5fb404, sha1-20240503-be8b1b1/sha1.asd
smart-buffer, ghcr.io/ocicl/smart-buffer@sha256:b8d194f5881c415fd7f0099b88dfd9e2158405c2966de15c716b155a364bf0f7, smart-buffer-20240503-619759d/smart-buffer.asd
smart-buffer-test, ghcr.io/ocicl/smart-buffer@sha256:b8d194f5881c415fd7f0099b88dfd9e2158405c2966de15c716b155a364bf0f7, smart-buffer-20240503-619759d/smart-buffer-test.asd
split-sequence, ghcr.io/ocicl/split-sequence@sha256:3a37662eedd99c42995587b9d443c4631f25c4c523091bcca31a27b880585b8e, split-sequence-2.0.1/split-sequence.asd
static-vectors, ghcr.io/ocicl/static-vectors@sha256:53e11e5689c3dbea6a3017760b55f052588003d774913539930ddc4330a69970, static-vectors-20240624-3d9d89b/static-vectors.asd
str, ghcr.io/ocicl/str@sha256:3771c466d33a923d4fd1b1aa71f7a60d0029405e7fb3bafae1a3f19b7ac9b121, cl-str-20240708-1bcf26d/str.asd
str.test, ghcr.io/ocicl/str@sha256:3771c466d33a923d4fd1b1aa71f7a60d0029405e7fb3bafae1a3f19b7ac9b121, cl-str-20240708-1bcf26d/str.test.asd
swank, ghcr.io/ocicl/swank@sha256:1e634a3bf205e76372dfc4a789d42575195718180a3551536ef0e2c20caa5002, slime-2.30/swank.asd
test-asdf, ghcr.io/ocicl/asdf@sha256:c31bc0ad720d484b6e4eb1a94bfea1a1fcaa431e0104349811ee721d2e0709ed, asdf-3.3.7/test/test-asdf.asd
test-asdf-location-change, ghcr.io/ocicl/asdf@sha256:c31bc0ad720d484b6e4eb1a94bfea1a1fcaa431e0104349811ee721d2e0709ed, asdf-3.3.7/test/xach-foo-1/test-asdf-location-change.asd
test-bad-system-name, ghcr.io/ocicl/asdf@sha256:c31bc0ad720d484b6e4eb1a94bfea1a1fcaa431e0104349811ee721d2e0709ed, asdf-3.3.7/test/test-bad-system-name.asd
test-defsystem-depends-on-change, ghcr.io/ocicl/asdf@sha256:c31bc0ad720d484b6e4eb1a94bfea1a1fcaa431e0104349811ee721d2e0709ed, asdf-3.3.7/test/test-defsystem-depends-on-change.asd
test-defsystem-depends-on-circular, ghcr.io/ocicl/asdf@sha256:c31bc0ad720d484b6e4eb1a94bfea1a1fcaa431e0104349811ee721d2e0709ed, asdf-3.3.7/test/test-defsystem-depends-on-circular.asd
test-defsystem-depends-on-missing-system, ghcr.io/ocicl/asdf@sha256:c31bc0ad720d484b6e4eb1a94bfea1a1fcaa431e0104349811ee721d2e0709ed, asdf-3.3.7/test/test-defsystem-depends-on-missing-system.asd
test-include1, ghcr.io/ocicl/asdf@sha256:c31bc0ad720d484b6e4eb1a94bfea1a1fcaa431e0104349811ee721d2e0709ed, asdf-3.3.7/test/test-include1.asd
test-include2, ghcr.io/ocicl/asdf@sha256:c31bc0ad720d484b6e4eb1a94bfea1a1fcaa431e0104349811ee721d2e0709ed, asdf-3.3.7/test/test-include2.asd
test-logical-pathname, ghcr.io/ocicl/asdf@sha256:c31bc0ad720d484b6e4eb1a94bfea1a1fcaa431e0104349811ee721d2e0709ed, asdf-3.3.7/test/test-logical-pathname.asd
test-module-depend, ghcr.io/ocicl/asdf@sha256:c31bc0ad720d484b6e4eb1a94bfea1a1fcaa431e0104349811ee721d2e0709ed, asdf-3.3.7/test/test-module-depend.asd
test-modules, ghcr.io/ocicl/asdf@sha256:c31bc0ad720d484b6e4eb1a94bfea1a1fcaa431e0104349811ee721d2e0709ed, asdf-3.3.7/test/test-modules.asd
test-modules-serial, ghcr.io/ocicl/asdf@sha256:c31bc0ad720d484b6e4eb1a94bfea1a1fcaa431e0104349811ee721d2e0709ed, asdf-3.3.7/test/test-modules-serial.asd
test-multiple, ghcr.io/ocicl/asdf@sha256:c31bc0ad720d484b6e4eb1a94bfea1a1fcaa431e0104349811ee721d2e0709ed, asdf-3.3.7/test/test-multiple.asd
test-mutual-redefinition-1, ghcr.io/ocicl/asdf@sha256:c31bc0ad720d484b6e4eb1a94bfea1a1fcaa431e0104349811ee721d2e0709ed, asdf-3.3.7/test/test-mutual-redefinition-1.asd
test-mutual-redefinition-2, ghcr.io/ocicl/asdf@sha256:c31bc0ad720d484b6e4eb1a94bfea1a1fcaa431e0104349811ee721d2e0709ed, asdf-3.3.7/test/test-mutual-redefinition-2.asd
test-operation-done-p, ghcr.io/ocicl/asdf@sha256:c31bc0ad720d484b6e4eb1a94bfea1a1fcaa431e0104349811ee721d2e0709ed, asdf-3.3.7/test/test-operation-done-p.asd
test-package, ghcr.io/ocicl/asdf@sha256:c31bc0ad720d484b6e4eb1a94bfea1a1fcaa431e0104349811ee721d2e0709ed, asdf-3.3.7/test/test-package.asd
test-preferences-system-1, ghcr.io/ocicl/asdf@sha256:c31bc0ad720d484b6e4eb1a94bfea1a1fcaa431e0104349811ee721d2e0709ed, asdf-3.3.7/test/graveyard/test-preferences-system-1.asd
test-samedir-modules, ghcr.io/ocicl/asdf@sha256:c31bc0ad720d484b6e4eb1a94bfea1a1fcaa431e0104349811ee721d2e0709ed, asdf-3.3.7/test/test-samedir-modules.asd
test-serial-dependencies, ghcr.io/ocicl/asdf@sha256:c31bc0ad720d484b6e4eb1a94bfea1a1fcaa431e0104349811ee721d2e0709ed, asdf-3.3.7/test/test-serial-dependencies.asd
test-source-file-type-1, ghcr.io/ocicl/asdf@sha256:c31bc0ad720d484b6e4eb1a94bfea1a1fcaa431e0104349811ee721d2e0709ed, asdf-3.3.7/test/test-source-file-type-1.asd
test-source-file-type-2, ghcr.io/ocicl/asdf@sha256:c31bc0ad720d484b6e4eb1a94bfea1a1fcaa431e0104349811ee721d2e0709ed, asdf-3.3.7/test/test-source-file-type-2.asd
test-system, ghcr.io/ocicl/asdf@sha256:c31bc0ad720d484b6e4eb1a94bfea1a1fcaa431e0104349811ee721d2e0709ed, asdf-3.3.7/test/defsystem-depends-on/test-system.asd
test-urls-1, ghcr.io/ocicl/asdf@sha256:c31bc0ad720d484b6e4eb1a94bfea1a1fcaa431e0104349811ee721d2e0709ed, asdf-3.3.7/test/test-urls-1.asd
test-urls-2, ghcr.io/ocicl/asdf@sha256:c31bc0ad720d484b6e4eb1a94bfea1a1fcaa431e0104349811ee721d2e0709ed, asdf-3.3.7/test/test-urls-2.asd
test-weakly-depends-on-unpresent, ghcr.io/ocicl/asdf@sha256:c31bc0ad720d484b6e4eb1a94bfea1a1fcaa431e0104349811ee721d2e0709ed, asdf-3.3.7/test/test-weakly-depends-on-unpresent.asd
test1, ghcr.io/ocicl/asdf@sha256:c31bc0ad720d484b6e4eb1a94bfea1a1fcaa431e0104349811ee721d2e0709ed, asdf-3.3.7/test/test1.asd
test2, ghcr.io/ocicl/asdf@sha256:c31bc0ad720d484b6e4eb1a94bfea1a1fcaa431e0104349811ee721d2e0709ed, asdf-3.3.7/test/test2.asd
test2a, ghcr.io/ocicl/asdf@sha256:c31bc0ad720d484b6e4eb1a94bfea1a1fcaa431e0104349811ee721d2e0709ed, asdf-3.3.7/test/test2a.asd
test2b1, ghcr.io/ocicl/asdf@sha256:c31bc0ad720d484b6e4eb1a94bfea1a1fcaa431e0104349811ee721d2e0709ed, asdf-3.3.7/test/test2b1.asd
test2b2, ghcr.io/ocicl/asdf@sha256:c31bc0ad720d484b6e4eb1a94bfea1a1fcaa431e0104349811ee721d2e0709ed, asdf-3.3.7/test/test2b2.asd
test2b3, ghcr.io/ocicl/asdf@sha256:c31bc0ad720d484b6e4eb1a94bfea1a1fcaa431e0104349811ee721d2e0709ed, asdf-3.3.7/test/test2b3.asd
test3, ghcr.io/ocicl/asdf@sha256:c31bc0ad720d484b6e4eb1a94bfea1a1fcaa431e0104349811ee721d2e0709ed, asdf-3.3.7/test/test3.asd
test9-1, ghcr.io/ocicl/asdf@sha256:c31bc0ad720d484b6e4eb1a94bfea1a1fcaa431e0104349811ee721d2e0709ed, asdf-3.3.7/test/test9-1.asd
test9-2, ghcr.io/ocicl/asdf@sha256:c31bc0ad720d484b6e4eb1a94bfea1a1fcaa431e0104349811ee721d2e0709ed, asdf-3.3.7/test/test9-2.asd
trivia, ghcr.io/ocicl/trivia@sha256:51db74757bc31ceaf3a643914a8ffa87825799097dea4912650e6ac62bed5209, trivia-20240904-4383dd8/trivia.asd
trivia.balland2006, ghcr.io/ocicl/trivia@sha256:51db74757bc31ceaf3a643914a8ffa87825799097dea4912650e6ac62bed5209, trivia-20240904-4383dd8/trivia.balland2006.asd
trivia.benchmark, ghcr.io/ocicl/trivia@sha256:51db74757bc31ceaf3a643914a8ffa87825799097dea4912650e6ac62bed5209, trivia-20240904-4383dd8/trivia.benchmark.asd
trivia.cffi, ghcr.io/ocicl/trivia@sha256:51db74757bc31ceaf3a643914a8ffa87825799097dea4912650e6ac62bed5209, trivia-20240904-4383dd8/trivia.cffi.asd
trivia.fset, ghcr.io/ocicl/trivia@sha256:51db74757bc31ceaf3a643914a8ffa87825799097dea4912650e6ac62bed5209, trivia-20240904-4383dd8/trivia.fset.asd
trivia.level0, ghcr.io/ocicl/trivia@sha256:51db74757bc31ceaf3a643914a8ffa87825799097dea4912650e6ac62bed5209, trivia-20240904-4383dd8/trivia.level0.asd
trivia.level1, ghcr.io/ocicl/trivia@sha256:51db74757bc31ceaf3a643914a8ffa87825799097dea4912650e6ac62bed5209, trivia-20240904-4383dd8/trivia.level1.asd
trivia.level2, ghcr.io/ocicl/trivia@sha256:51db74757bc31ceaf3a643914a8ffa87825799097dea4912650e6ac62bed5209, trivia-20240904-4383dd8/trivia.level2.asd
trivia.ppcre, ghcr.io/ocicl/trivia@sha256:51db74757bc31ceaf3a643914a8ffa87825799097dea4912650e6ac62bed5209, trivia-20240904-4383dd8/trivia.ppcre.asd
trivia.quasiquote, ghcr.io/ocicl/trivia@sha256:51db74757bc31ceaf3a643914a8ffa87825799097dea4912650e6ac62bed5209, trivia-20240904-4383dd8/trivia.quasiquote.asd
trivia.test, ghcr.io/ocicl/trivia@sha256:51db74757bc31ceaf3a643914a8ffa87825799097dea4912650e6ac62bed5209, trivia-20240904-4383dd8/trivia.test.asd
trivia.trivial, ghcr.io/ocicl/trivia@sha256:51db74757bc31ceaf3a643914a8ffa87825799097dea4912650e6ac62bed5209, trivia-20240904-4383dd8/trivia.trivial.asd
trivial-backtrace, ghcr.io/ocicl/iterate@sha256:398e3747b164f42e1a19fccf974bdf9c2a7938660f9bead1bb052124d58b5476, iterate-20240503-26cf129/ext/trivial-backtrace/trivial-backtrace.asd
trivial-backtrace-test, ghcr.io/ocicl/iterate@sha256:398e3747b164f42e1a19fccf974bdf9c2a7938660f9bead1bb052124d58b5476, iterate-20240503-26cf129/ext/trivial-backtrace/trivial-backtrace-test.asd
trivial-channels, ghcr.io/ocicl/trivial-channels@sha256:9b190fcc1853729090ff0b27d24c916dcb166bbb5bad6456340f9b05f3689b3d, trivial-channels-20240503-e237011/trivial-channels.asd
trivial-cltl2, ghcr.io/ocicl/trivial-cltl2@sha256:69470b4f6469314799074b9d944050dc4bcb67d5cbb2ba32c7a8899bb492f04e, trivial-cltl2-20230809-2ada872/trivial-cltl2.asd
trivial-features, ghcr.io/ocicl/trivial-features@sha256:e278e24d39060fc7d3715531b16ddd9ab7f93f22ade53e436c0b86dbae3aa065, trivial-features-1.0/trivial-features.asd
trivial-features-tests, ghcr.io/ocicl/trivial-features@sha256:e278e24d39060fc7d3715531b16ddd9ab7f93f22ade53e436c0b86dbae3aa065, trivial-features-1.0/trivial-features-tests.asd
trivial-garbage, ghcr.io/ocicl/trivial-garbage@sha256:a85dcf4110ad60ae9f6c70970acceb2bf12402ce5326891643d35506059afb1d, trivial-garbage-20240503-3474f64/trivial-garbage.asd
trivial-gray-streams, ghcr.io/ocicl/trivial-gray-streams@sha256:d0cc9fb73876100ee60647524f98b5b22566fa1c3a985d79548b0d2b228f8b51, trivial-gray-streams-20240503-a7ead68/trivial-gray-streams.asd
trivial-gray-streams-test, ghcr.io/ocicl/trivial-gray-streams@sha256:d0cc9fb73876100ee60647524f98b5b22566fa1c3a985d79548b0d2b228f8b51, trivial-gray-streams-20240503-a7ead68/trivial-gray-streams-test.asd
trivial-indent, ghcr.io/ocicl/trivial-indent@sha256:f1ae624eb2ca37133912e9920587488ea6e2f1d6419ba4a1776e63c2bdff0fd9, trivial-indent-20240503-b5d490f/trivial-indent.asd
trivial-main-thread, ghcr.io/ocicl/trivial-main-thread@sha256:bdf44891fc189250907bed08caa4585ff0b265b98dbdf3d93041dae0e453b345, trivial-main-thread-20240722-fd23919/trivial-main-thread.asd
trivial-mimes, ghcr.io/ocicl/trivial-mimes@sha256:b33ae6d62bcd666d046e4ae1625b8e8b46a548fe2c4f18b4899ce1ecf581c17b, trivial-mimes-20240503-1a80193/trivial-mimes.asd
trivial-open-browser, ghcr.io/ocicl/trivial-open-browser@sha256:20c37fcc1159c7f5f4dabb366a7742cb47b629c8d0fb4a191ac08578ab661b67, trivial-open-browser-20240503-7ab4743/trivial-open-browser.asd
trivial-package-local-nicknames, ghcr.io/ocicl/trivial-package-local-nicknames@sha256:d3b07c875822d9bd91cc0e26c1f681ad05acdc5c50a3f30c8077fb85343e095a, trivial-package-local-nicknames-20240503-8a4d09c/trivial-package-local-nicknames.asd
trivial-timeout, ghcr.io/ocicl/trivial-timeout@sha256:18f5f87e1fa3a35e5608cd424d22c2b24f581f810d9f9f8c6229b849c2f239ad, trivial-timeout-20240503-e70d9b4/trivial-timeout.asd
trivial-timeout-test, ghcr.io/ocicl/trivial-timeout@sha256:18f5f87e1fa3a35e5608cd424d22c2b24f581f810d9f9f8c6229b849c2f239ad, trivial-timeout-20240503-e70d9b4/trivial-timeout-test.asd
trivial-types, ghcr.io/ocicl/trivial-types@sha256:6c7e66c7a2c7b190cf31a78597a1de81dc4d8190d0698416a1504b0d2cf3a2d9, trivial-types-20240503-ee869f2/trivial-types.asd
trivial-utf-8, ghcr.io/ocicl/trivial-utf-8@sha256:014e7fa0edd7f351c8b38c3247e0cdda438235bb8a086bb0f2bac08f78ef400d, trivial-utf-8-20240503-ba9b4ff/trivial-utf-8.asd
trivial-with-current-source-form, ghcr.io/ocicl/trivial-with-current-source-form@sha256:955baad39fb52d9d02af21ea36442c9675419c2486392279f669ada9788f3e3b, trivial-with-current-source-form-20240503-dc3fff9/trivial-with-current-source-form.asd
trivial-ws, ghcr.io/ocicl/trivial-ws@sha256:004d7c63ae4ef7e7ad5e411c5373aea20f355da1864190936337962a69aaeade, trivial-ws-20240503-ebf1ec0/trivial-ws.asd
trivial-ws-client, ghcr.io/ocicl/trivial-ws@sha256:004d7c63ae4ef7e7ad5e411c5373aea20f355da1864190936337962a69aaeade, trivial-ws-20240503-ebf1ec0/trivial-ws-client.asd
trivial-ws-test, ghcr.io/ocicl/trivial-ws@sha256:004d7c63ae4ef7e7ad5e411c5373aea20f355da1864190936337962a69aaeade, trivial-ws-20240503-ebf1ec0/trivial-ws-test.asd
try-recompiling-1, ghcr.io/ocicl/asdf@sha256:c31bc0ad720d484b6e4eb1a94bfea1a1fcaa431e0104349811ee721d2e0709ed, asdf-3.3.7/test/try-recompiling-1.asd
try-reloading-1, ghcr.io/ocicl/asdf@sha256:c31bc0ad720d484b6e4eb1a94bfea1a1fcaa431e0104349811ee721d2e0709ed, asdf-3.3.7/test/try-reloading-1.asd
type-i, ghcr.io/ocicl/type-i@sha256:de5c3e7f7b72409c5ec49885eea8c6fe2e02def2846cf97f70c1c21f21a1567c, type-i-20240503-4407a68/type-i.asd
type-i.test, ghcr.io/ocicl/type-i@sha256:de5c3e7f7b72409c5ec49885eea8c6fe2e02def2846cf97f70c1c21f21a1567c, type-i-20240503-4407a68/type-i.test.asd
uffi, ghcr.io/ocicl/cffi@sha256:fe1246d11c4c067daefdb143e1252e0f3e99046909185d2c920adb8323318742, cffi-20240811-32c90d4/uffi-compat/uffi.asd
uiop, ghcr.io/ocicl/asdf@sha256:c31bc0ad720d484b6e4eb1a94bfea1a1fcaa431e0104349811ee721d2e0709ed, asdf-3.3.7/uiop/uiop.asd
undefined-variables-throttled, ghcr.io/ocicl/asdf@sha256:c31bc0ad720d484b6e4eb1a94bfea1a1fcaa431e0104349811ee721d2e0709ed, asdf-3.3.7/test/undefined-variables-throttled.asd
usocket, ghcr.io/ocicl/usocket@sha256:015b8cdb91cdc25aefd08054e8ede6a5d054d10bc87916904cf0d0670b3f4a68, usocket-0.8.8/usocket.asd
usocket-server, ghcr.io/ocicl/usocket@sha256:015b8cdb91cdc25aefd08054e8ede6a5d054d10bc87916904cf0d0670b3f4a68, usocket-0.8.8/usocket-server.asd
usocket-test, ghcr.io/ocicl/usocket@sha256:015b8cdb91cdc25aefd08054e8ede6a5d054d10bc87916904cf0d0670b3f4a68, usocket-0.8.8/usocket-test.asd
vom, ghcr.io/ocicl/vom@sha256:f8c3898b00ba064be339b7e0e0407aa7a0e6f029017ba63dcd5ada7816a7b87c, vom-20240815-303c3f6/vom.asd
which-asd, ghcr.io/ocicl/asdf@sha256:c31bc0ad720d484b6e4eb1a94bfea1a1fcaa431e0104349811ee721d2e0709ed, asdf-3.3.7/test/sources/which-asd.asd
which-asd2, ghcr.io/ocicl/asdf@sha256:c31bc0ad720d484b6e4eb1a94bfea1a1fcaa431e0104349811ee721d2e0709ed, asdf-3.3.7/test/sources/a/which-asd2.asd
winhttp, ghcr.io/ocicl/winhttp@sha256:f4955086d194e6ae1665894da2149dac0ad850d95369f85fdda4d95cd06f3641, winhttp-20240503-8611ba5/winhttp.asd
xsubseq, ghcr.io/ocicl/xsubseq@sha256:7605d14f7cc7fd2f63190ad81fe7bd65daef105d6728ee6bb59baef49da2aa51, xsubseq-20240503-5ce430b/xsubseq.asd
xsubseq-test, ghcr.io/ocicl/xsubseq@sha256:7605d14f7cc7fd2f63190ad81fe7bd65daef105d6728ee6bb59baef49da2aa51, xsubseq-20240503-5ce430b/xsubseq-test.asd
yason, ghcr.io/ocicl/yason@sha256:4a1ce0b1cab070be2a87569feeb61bfc44f41ae0c804af2c0c71ab594f80db40, yason-20240503-f4ad893/yason.asd
